Dataset,Backbone,Seed,Frozen_Acc,SETTA_Acc,Delta,Improved,Tied,Worse,Test_Change_Rate,Test_Prob_L1_Shift,Alpha,Beta,K,Metric,Num_Props,Train_Time,SETTA_Time,Preprocess_Time,Used_Cache
Cora,GCN,42,80.9000015258789,85.50000190734863,4.600000381469727,1,0,0,12.400000542402267,0.5957841873168945,0.9,0.1,18,jaccard,10,0.0,0.07199189998209476,2.557139200042002,1
Cora,GCN,43,81.00000619888306,85.60000658035278,4.600000381469727,1,0,0,12.300000339746475,0.5975422263145447,0.9,0.1,18,jaccard,10,0.0,0.003931299899704754,2.557139200042002,1
Cora,GCN,44,79.90000247955322,84.00000333786011,4.100000858306885,1,0,0,14.900000393390656,0.6544954776763916,0.9,0.1,18,jaccard,10,0.0,0.004111699992790818,2.557139200042002,1
Cora,GCN,45,80.40000200271606,83.60000252723694,3.200000524520874,1,0,0,14.500001072883606,0.6741770505905151,0.9,0.1,18,jaccard,10,0.0,0.005088099977001548,2.557139200042002,1
Cora,GCN,46,80.60000538825989,85.60000658035278,5.0000011920928955,1,0,0,12.5,0.5909922122955322,0.9,0.1,18,jaccard,10,0.0,0.004059199942275882,2.557139200042002,1
Cora,GCN,47,79.70000505447388,84.20000672340393,4.500001668930054,1,0,0,12.800000607967377,0.6181070804595947,0.9,0.1,18,jaccard,10,0.0,0.0039004000136628747,2.557139200042002,1
Cora,GCN,48,80.80000281333923,85.80000400543213,5.0000011920928955,1,0,0,12.200000882148743,0.5988768339157104,0.9,0.1,18,jaccard,10,0.0,0.003851999994367361,2.557139200042002,1
Cora,GCN,49,80.50000667572021,85.80000400543213,5.299997329711914,1,0,0,12.200000882148743,0.5939196944236755,0.9,0.1,18,jaccard,10,0.0,0.0038894000463187695,2.557139200042002,1
Cora,GCN,50,80.20000457763672,85.50000190734863,5.299997329711914,1,0,0,12.200000882148743,0.6044997572898865,0.9,0.1,18,jaccard,10,0.0,0.003908099955879152,2.557139200042002,1
Cora,GCN,51,80.80000281333923,85.30000448226929,4.500001668930054,1,0,0,12.200000882148743,0.608170747756958,0.9,0.1,18,jaccard,10,0.0,0.003953999956138432,2.557139200042002,1
Cora,GraphSAGE,42,81.2000036239624,84.60000157356262,3.3999979496002197,1,0,0,14.300000667572021,0.618148684501648,0.9,0.1,18,jaccard,10,0.0,0.004106099950149655,2.557139200042002,1
Cora,GraphSAGE,43,78.7000060081482,84.3000054359436,5.59999942779541,1,0,0,14.900000393390656,0.6322753429412842,0.9,0.1,18,jaccard,10,0.0,0.0048970000352710485,2.557139200042002,1
Cora,GraphSAGE,44,79.10000085830688,83.00000429153442,3.900003433227539,1,0,0,15.200001001358032,0.6420309543609619,0.9,0.1,18,jaccard,10,0.0,0.004025300033390522,2.557139200042002,1
Cora,GraphSAGE,45,79.80000376701355,81.60000443458557,1.8000006675720215,1,0,0,14.100000262260437,0.6567374467849731,0.9,0.1,18,jaccard,10,0.0,0.0038406000239774585,2.557139200042002,1
Cora,GraphSAGE,46,77.90000438690186,83.30000638961792,5.4000020027160645,1,0,0,15.300001204013824,0.6596648693084717,0.9,0.1,18,jaccard,10,0.0,0.003835699986666441,2.557139200042002,1
Cora,GraphSAGE,47,80.10000586509705,85.9000027179718,5.799996852874756,1,0,0,14.500001072883606,0.6297551393508911,0.9,0.1,18,jaccard,10,0.0,0.00388329999987036,2.557139200042002,1
Cora,GraphSAGE,48,80.0000011920929,85.20000576972961,5.200004577636719,1,0,0,14.900000393390656,0.5931739807128906,0.9,0.1,18,jaccard,10,0.0,0.004055899917148054,2.557139200042002,1
Cora,GraphSAGE,49,78.90000343322754,83.20000171661377,4.2999982833862305,1,0,0,14.600001275539398,0.640747606754303,0.9,0.1,18,jaccard,10,0.0,0.005240699974820018,2.557139200042002,1
Cora,GraphSAGE,50,78.30000519752502,82.30000138282776,3.9999961853027344,1,0,0,16.200000047683716,0.6439993381500244,0.9,0.1,18,jaccard,10,0.0,0.004840899957343936,2.557139200042002,1
Cora,GraphSAGE,51,78.80000472068787,84.50000286102295,5.699998140335083,1,0,0,15.600000321865082,0.6018528342247009,0.9,0.1,18,jaccard,10,0.0,0.0038747999351471663,2.557139200042002,1
Cora,GAT,42,82.00000524520874,84.40000414848328,2.399998903274536,1,0,0,14.500001072883606,0.7373341917991638,0.9,0.1,18,jaccard,10,0.0,0.004878099891357124,2.557139200042002,1
Cora,GAT,43,80.20000457763672,84.90000367164612,4.699999094009399,1,0,0,12.900000810623169,0.5644552707672119,0.9,0.1,18,jaccard,10,0.0,0.0039953000377863646,2.557139200042002,1
Cora,GAT,44,81.10000491142273,85.9000027179718,4.799997806549072,1,0,0,13.300000131130219,0.6766021847724915,0.9,0.1,18,jaccard,10,0.0,0.003937300061807036,2.557139200042002,1
Cora,GAT,45,80.60000538825989,84.50000286102295,3.8999974727630615,1,0,0,11.700000613927841,0.6765446066856384,0.9,0.1,18,jaccard,10,0.0,0.0038536000065505505,2.557139200042002,1
Cora,GAT,46,82.40000605583191,85.50000190734863,3.0999958515167236,1,0,0,12.300000339746475,0.672661542892456,0.9,0.1,18,jaccard,10,0.0,0.003893699962645769,2.557139200042002,1
Cora,GAT,47,80.70000410079956,85.10000109672546,4.399996995925903,1,0,0,12.700000405311584,0.6310588717460632,0.9,0.1,18,jaccard,10,0.0,0.00406399997882545,2.557139200042002,1
Cora,GAT,48,81.70000314712524,85.20000576972961,3.50000262260437,1,0,0,14.20000046491623,0.6706091165542603,0.9,0.1,18,jaccard,10,0.0,0.0038569000316783786,2.557139200042002,1
Cora,GAT,49,81.5000057220459,85.40000319480896,3.8999974727630615,1,0,0,13.000001013278961,0.5823245048522949,0.9,0.1,18,jaccard,10,0.0,0.003847799962386489,2.557139200042002,1
Cora,GAT,50,80.70000410079956,83.50000381469727,2.799999713897705,1,0,0,13.600000739097595,0.6792539954185486,0.9,0.1,18,jaccard,10,0.0,0.0038969999877735972,2.557139200042002,1
Cora,GAT,51,81.10000491142273,85.60000658035278,4.500001668930054,1,0,0,12.400000542402267,0.6271365284919739,0.9,0.1,18,jaccard,10,0.0,0.004139199969358742,2.557139200042002,1
Cora,GraphTransformer,42,78.1000018119812,83.60000252723694,5.500000715255737,1,0,0,14.300000667572021,0.8432390093803406,0.9,0.1,18,jaccard,10,0.0,0.003740499960258603,2.557139200042002,1
Cora,GraphTransformer,43,78.7000060081482,84.60000157356262,5.899995565414429,1,0,0,13.500000536441803,0.8415257930755615,0.9,0.1,18,jaccard,10,0.0,0.00381530006416142,2.557139200042002,1
Cora,GraphTransformer,44,78.7000060081482,84.60000157356262,5.899995565414429,1,0,0,13.600000739097595,0.8517878651618958,0.9,0.1,18,jaccard,10,0.0,0.003982600057497621,2.557139200042002,1
Cora,GraphTransformer,45,77.80000567436218,83.60000252723694,5.799996852874756,1,0,0,14.300000667572021,0.8695810437202454,0.9,0.1,18,jaccard,10,0.0,0.004608099930919707,2.557139200042002,1
Cora,GraphTransformer,46,78.7000060081482,84.3000054359436,5.59999942779541,1,0,0,13.300000131130219,0.8378453254699707,0.9,0.1,18,jaccard,10,0.0,0.0037764000007882714,2.557139200042002,1
Cora,GraphTransformer,47,77.40000486373901,84.60000157356262,7.199996709823608,1,0,0,15.800000727176666,0.8248952031135559,0.9,0.1,18,jaccard,10,0.0,0.003853500005789101,2.557139200042002,1
Cora,GraphTransformer,48,78.80000472068787,84.50000286102295,5.699998140335083,1,0,0,14.900000393390656,0.8589521050453186,0.9,0.1,18,jaccard,10,0.0,0.003757099970243871,2.557139200042002,1
Cora,GraphTransformer,49,78.60000133514404,84.10000205039978,5.500000715255737,1,0,0,14.500001072883606,0.8644278049468994,0.9,0.1,18,jaccard,10,0.0,0.0038329000817611814,2.557139200042002,1
Cora,GraphTransformer,50,79.50000166893005,84.50000286102295,5.0000011920928955,1,0,0,14.500001072883606,0.8594637513160706,0.9,0.1,18,jaccard,10,0.0,0.003921500057913363,2.557139200042002,1
Cora,GraphTransformer,51,79.10000085830688,84.00000333786011,4.900002479553223,1,0,0,13.700000941753387,0.8296496272087097,0.9,0.1,18,jaccard,10,0.0,0.0038796999724581838,2.557139200042002,1
Cora,GradGateGNN,42,78.90000343322754,84.80000495910645,5.900001525878906,1,0,0,14.500001072883606,0.8573192358016968,0.9,0.1,18,jaccard,10,0.0,0.0038306000642478466,2.557139200042002,1
Cora,GradGateGNN,43,79.10000085830688,83.70000123977661,4.600000381469727,1,0,0,13.600000739097595,0.7801345586776733,0.9,0.1,18,jaccard,10,0.0,0.0038044999819248915,2.557139200042002,1
Cora,GradGateGNN,44,77.10000276565552,83.40000510215759,6.300002336502075,1,0,0,14.600001275539398,0.7855135202407837,0.9,0.1,18,jaccard,10,0.0,0.0038266999181360006,2.557139200042002,1
Cora,GradGateGNN,45,79.80000376701355,84.80000495910645,5.0000011920928955,1,0,0,14.000000059604645,0.8515908718109131,0.9,0.1,18,jaccard,10,0.0,0.008407299988903105,2.557139200042002,1
Cora,GradGateGNN,46,79.50000166893005,84.60000157356262,5.099999904632568,1,0,0,13.80000114440918,0.8250094652175903,0.9,0.1,18,jaccard,10,0.0,0.008383800042793155,2.557139200042002,1
Cora,GradGateGNN,47,78.90000343322754,84.50000286102295,5.59999942779541,1,0,0,12.900000810623169,0.8131697177886963,0.9,0.1,18,jaccard,10,0.0,0.008899700012989342,2.557139200042002,1
Cora,GradGateGNN,48,79.40000295639038,83.90000462532043,4.500001668930054,1,0,0,13.300000131130219,0.8795855045318604,0.9,0.1,18,jaccard,10,0.0,0.009066600003279746,2.557139200042002,1
Cora,GradGateGNN,49,80.0000011920929,84.80000495910645,4.80000376701355,1,0,0,13.40000033378601,0.8429043889045715,0.9,0.1,18,jaccard,10,0.0,0.008534600026905537,2.557139200042002,1
Cora,GradGateGNN,50,80.0000011920929,85.20000576972961,5.200004577636719,1,0,0,13.300000131130219,0.8525754809379578,0.9,0.1,18,jaccard,10,0.0,0.009163300041109324,2.557139200042002,1
Cora,GradGateGNN,51,78.7000060081482,84.20000672340393,5.500000715255737,1,0,0,12.400000542402267,0.8168070912361145,0.9,0.1,18,jaccard,10,0.0,0.008639800013042986,2.557139200042002,1
CiteSeer,GCN,42,67.90000200271606,71.50000333786011,3.600001335144043,1,0,0,17.100000381469727,0.4116035997867584,0.6,0.1,12,jaccard,10,0.0,0.03946110000833869,14.654470000066794,1
CiteSeer,GCN,43,69.10000443458557,71.40000462532043,2.3000001907348633,1,0,0,16.600000858306885,0.40654808282852173,0.6,0.1,12,jaccard,10,0.0,0.03671920008491725,14.654470000066794,1
CiteSeer,GCN,44,68.80000233650208,71.20000123977661,2.399998903274536,1,0,0,18.000000715255737,0.3979785144329071,0.6,0.1,12,jaccard,10,0.0,0.03642619994934648,14.654470000066794,1
CiteSeer,GCN,45,68.50000619888306,71.8000054359436,3.299999237060547,1,0,0,17.000000178813934,0.43204256892204285,0.6,0.1,12,jaccard,10,0.0,0.037356700049713254,14.654470000066794,1
CiteSeer,GCN,46,68.10000538825989,72.60000109672546,4.499995708465576,1,0,0,17.100000381469727,0.39733943343162537,0.6,0.1,12,jaccard,10,0.0,0.0371468000812456,14.654470000066794,1
CiteSeer,GCN,47,67.40000247955322,71.40000462532043,4.000002145767212,1,0,0,16.80000126361847,0.4030904769897461,0.6,0.1,12,jaccard,10,0.0,0.03731669997796416,14.654470000066794,1
CiteSeer,GCN,48,69.0000057220459,71.8000054359436,2.799999713897705,1,0,0,16.4000004529953,0.3888396918773651,0.6,0.1,12,jaccard,10,0.0,0.03675580001436174,14.654470000066794,1
CiteSeer,GCN,49,69.80000138282776,71.10000252723694,1.3000011444091797,1,0,0,16.80000126361847,0.37975698709487915,0.6,0.1,12,jaccard,10,0.0,0.03772439993917942,14.654470000066794,1
CiteSeer,GCN,50,66.60000085830688,70.10000348091125,3.50000262260437,1,0,0,16.200000047683716,0.40314701199531555,0.6,0.1,12,jaccard,10,0.0,0.037070600083097816,14.654470000066794,1
CiteSeer,GCN,51,69.0000057220459,72.10000157356262,3.0999958515167236,1,0,0,17.20000058412552,0.40063342452049255,0.6,0.1,12,jaccard,10,0.0,0.03668300004210323,14.654470000066794,1
CiteSeer,GraphSAGE,42,69.10000443458557,71.8000054359436,2.7000010013580322,1,0,0,17.20000058412552,0.45672890543937683,0.6,0.1,12,jaccard,10,0.0,0.03663069999311119,14.654470000066794,1
CiteSeer,GraphSAGE,43,70.20000219345093,72.60000109672546,2.399998903274536,1,0,0,17.100000381469727,0.4340799152851105,0.6,0.1,12,jaccard,10,0.0,0.03642430005129427,14.654470000066794,1
CiteSeer,GraphSAGE,44,66.80000424385071,71.30000591278076,4.500001668930054,1,0,0,18.60000044107437,0.42336973547935486,0.6,0.1,12,jaccard,10,0.0,0.037055800086818635,14.654470000066794,1
CiteSeer,GraphSAGE,45,68.20000410079956,71.90000414848328,3.700000047683716,1,0,0,17.400000989437103,0.4178779125213623,0.6,0.1,12,jaccard,10,0.0,0.03688779997173697,14.654470000066794,1
CiteSeer,GraphSAGE,46,70.3000009059906,72.30000495910645,2.0000040531158447,1,0,0,16.90000146627426,0.45113861560821533,0.6,0.1,12,jaccard,10,0.0,0.03750350000336766,14.654470000066794,1
CiteSeer,GraphSAGE,47,67.70000457763672,72.40000367164612,4.699999094009399,1,0,0,18.300001323223114,0.4212553799152374,0.6,0.1,12,jaccard,10,0.0,0.036913499934598804,14.654470000066794,1
CiteSeer,GraphSAGE,48,68.90000104904175,71.8000054359436,2.9000043869018555,1,0,0,16.4000004529953,0.44323912262916565,0.6,0.1,12,jaccard,10,0.0,0.036628999980166554,14.654470000066794,1
CiteSeer,GraphSAGE,49,70.20000219345093,72.30000495910645,2.1000027656555176,1,0,0,16.300000250339508,0.43348410725593567,0.6,0.1,12,jaccard,10,0.0,0.036338499980047345,14.654470000066794,1
CiteSeer,GraphSAGE,50,69.60000395774841,72.60000109672546,2.999997138977051,1,0,0,17.000000178813934,0.44962871074676514,0.6,0.1,12,jaccard,10,0.0,0.03641739999875426,14.654470000066794,1
CiteSeer,GraphSAGE,51,71.10000252723694,72.50000238418579,1.3999998569488525,1,0,0,15.700000524520874,0.4442480504512787,0.6,0.1,12,jaccard,10,0.0,0.03640300000552088,14.654470000066794,1
CiteSeer,GAT,42,66.40000343322754,71.20000123977661,4.799997806549072,1,0,0,16.200000047683716,0.42171570658683777,0.6,0.1,12,jaccard,10,0.0,0.03595049993600696,14.654470000066794,1
CiteSeer,GAT,43,68.7000036239624,71.60000205039978,2.899998426437378,1,0,0,15.600000321865082,0.4212929904460907,0.6,0.1,12,jaccard,10,0.0,0.03668640006799251,14.654470000066794,1
CiteSeer,GAT,44,66.10000133514404,70.90000510215759,4.80000376701355,1,0,0,17.800000309944153,0.421368807554245,0.6,0.1,12,jaccard,10,0.0,0.03653189993929118,14.654470000066794,1
CiteSeer,GAT,45,66.50000214576721,71.00000381469727,4.500001668930054,1,0,0,17.900000512599945,0.4234621822834015,0.6,0.1,12,jaccard,10,0.0,0.03615069994702935,14.654470000066794,1
CiteSeer,GAT,46,68.7000036239624,72.40000367164612,3.700000047683716,1,0,0,16.500000655651093,0.41680434346199036,0.6,0.1,12,jaccard,10,0.0,0.037799700046889484,14.654470000066794,1
CiteSeer,GAT,47,66.70000553131104,70.80000042915344,4.099994897842407,1,0,0,16.80000126361847,0.4400814175605774,0.6,0.1,12,jaccard,10,0.0,0.03684590000193566,14.654470000066794,1
CiteSeer,GAT,48,68.10000538825989,72.20000624656677,4.100000858306885,1,0,0,16.500000655651093,0.41329243779182434,0.6,0.1,12,jaccard,10,0.0,0.03703669994138181,14.654470000066794,1
CiteSeer,GAT,49,68.00000071525574,71.10000252723694,3.100001811981201,1,0,0,19.200000166893005,0.4069043695926666,0.6,0.1,12,jaccard,10,0.0,0.036862900014966726,14.654470000066794,1
CiteSeer,GAT,50,67.00000166893005,70.20000219345093,3.200000524520874,1,0,0,17.600001394748688,0.42251741886138916,0.6,0.1,12,jaccard,10,0.0,0.03710989991668612,14.654470000066794,1
CiteSeer,GAT,51,65.30000567436218,69.60000395774841,4.2999982833862305,1,0,0,19.100001454353333,0.429281622171402,0.6,0.1,12,jaccard,10,0.0,0.03641129995230585,14.654470000066794,1
CiteSeer,GraphTransformer,42,67.90000200271606,73.30000400543213,5.4000020027160645,1,0,0,18.400001525878906,0.5664022564888,0.6,0.1,12,jaccard,10,0.0,0.0370266999816522,14.654470000066794,1
CiteSeer,GraphTransformer,43,69.80000138282776,72.40000367164612,2.6000022888183594,1,0,0,18.000000715255737,0.6068259477615356,0.6,0.1,12,jaccard,10,0.0,0.03652449999935925,14.654470000066794,1
CiteSeer,GraphTransformer,44,68.60000491142273,72.50000238418579,3.8999974727630615,1,0,0,18.200001120567322,0.5560519695281982,0.6,0.1,12,jaccard,10,0.0,0.03788950003217906,14.654470000066794,1
CiteSeer,GraphTransformer,45,68.60000491142273,72.60000109672546,3.9999961853027344,1,0,0,18.200001120567322,0.5912669897079468,0.6,0.1,12,jaccard,10,0.0,0.03688180004246533,14.654470000066794,1
CiteSeer,GraphTransformer,46,68.7000036239624,71.10000252723694,2.399998903274536,1,0,0,16.100001335144043,0.5841329097747803,0.6,0.1,12,jaccard,10,0.0,0.03681339998729527,14.654470000066794,1
CiteSeer,GraphTransformer,47,66.2000060081482,72.20000624656677,6.000000238418579,1,0,0,19.200000166893005,0.5840790271759033,0.6,0.1,12,jaccard,10,0.0,0.03686820005532354,14.654470000066794,1
CiteSeer,GraphTransformer,48,67.70000457763672,72.80000448226929,5.099999904632568,1,0,0,18.800000846385956,0.6184713840484619,0.6,0.1,12,jaccard,10,0.0,0.03606469999067485,14.654470000066794,1
CiteSeer,GraphTransformer,49,66.00000262260437,70.90000510215759,4.900002479553223,1,0,0,19.90000158548355,0.5438066124916077,0.6,0.1,12,jaccard,10,0.0,0.036596199963241816,14.654470000066794,1
CiteSeer,GraphTransformer,50,66.80000424385071,71.20000123977661,4.399996995925903,1,0,0,19.200000166893005,0.5927897095680237,0.6,0.1,12,jaccard,10,0.0,0.03614069998729974,14.654470000066794,1
CiteSeer,GraphTransformer,51,67.60000586509705,71.8000054359436,4.199999570846558,1,0,0,18.700000643730164,0.5420253872871399,0.6,0.1,12,jaccard,10,0.0,0.03671600006055087,14.654470000066794,1
CiteSeer,GradGateGNN,42,69.80000138282776,73.90000224113464,4.100000858306885,1,0,0,17.20000058412552,0.6229736804962158,0.6,0.1,12,jaccard,10,0.0,0.036622699932195246,14.654470000066794,1
CiteSeer,GradGateGNN,43,68.60000491142273,72.20000624656677,3.600001335144043,1,0,0,16.200000047683716,0.5675582885742188,0.6,0.1,12,jaccard,10,0.0,0.03658079996239394,14.654470000066794,1
CiteSeer,GradGateGNN,44,67.5000011920929,73.20000529289246,5.7000041007995605,1,0,0,18.700000643730164,0.5416763424873352,0.6,0.1,12,jaccard,10,0.0,0.03611959994304925,14.654470000066794,1
CiteSeer,GradGateGNN,45,68.90000104904175,72.50000238418579,3.600001335144043,1,0,0,15.600000321865082,0.5178185105323792,0.6,0.1,12,jaccard,10,0.0,0.03603680001106113,14.654470000066794,1
CiteSeer,GradGateGNN,46,68.00000071525574,73.20000529289246,5.200004577636719,1,0,0,16.200000047683716,0.5475984811782837,0.6,0.1,12,jaccard,10,0.0,0.03608929994516075,14.654470000066794,1
CiteSeer,GradGateGNN,47,68.20000410079956,71.8000054359436,3.600001335144043,1,0,0,18.000000715255737,0.5206766724586487,0.6,0.1,12,jaccard,10,0.0,0.036639300058595836,14.654470000066794,1
CiteSeer,GradGateGNN,48,68.10000538825989,71.60000205039978,3.4999966621398926,1,0,0,17.70000010728836,0.5338087677955627,0.6,0.1,12,jaccard,10,0.0,0.037028899998404086,14.654470000066794,1
CiteSeer,GradGateGNN,49,70.70000171661377,73.20000529289246,2.5000035762786865,1,0,0,15.900000929832458,0.5957854390144348,0.6,0.1,12,jaccard,10,0.0,0.036229300079867244,14.654470000066794,1
CiteSeer,GradGateGNN,50,68.80000233650208,71.70000076293945,2.899998426437378,1,0,0,17.30000078678131,0.5520080924034119,0.6,0.1,12,jaccard,10,0.0,0.036741400021128356,14.654470000066794,1
CiteSeer,GradGateGNN,51,68.00000071525574,72.00000286102295,4.000002145767212,1,0,0,16.00000113248825,0.543809175491333,0.6,0.1,12,jaccard,10,0.0,0.036854099947959185,14.654470000066794,1
PubMed,GCN,42,78.90000343322754,81.10000491142273,2.2000014781951904,1,0,0,8.100000023841858,0.10920795053243637,0.5,0.2,5,cosine,10,0.0,0.2706827000947669,3.916994099970907,1
PubMed,GCN,43,79.00000214576721,80.80000281333923,1.8000006675720215,1,0,0,8.400000631809235,0.10932234674692154,0.5,0.2,5,cosine,10,0.0,0.16198109998367727,3.916994099970907,1
PubMed,GCN,44,79.10000085830688,81.10000491142273,2.0000040531158447,1,0,0,8.700000494718552,0.10849368572235107,0.5,0.2,5,cosine,10,0.0,0.161148100043647,3.916994099970907,1
PubMed,GCN,45,79.10000085830688,80.80000281333923,1.7000019550323486,1,0,0,8.300000429153442,0.11372331529855728,0.5,0.2,5,cosine,10,0.0,0.16103439999278635,3.916994099970907,1
PubMed,GCN,46,78.4000039100647,81.2000036239624,2.799999713897705,1,0,0,8.700000494718552,0.11082729697227478,0.5,0.2,5,cosine,10,0.0,0.1613467000424862,3.916994099970907,1
PubMed,GCN,47,78.7000060081482,80.9000015258789,2.199995517730713,1,0,0,9.100000560283661,0.10701993107795715,0.5,0.2,5,cosine,10,0.0,0.16143410000950098,3.916994099970907,1
PubMed,GCN,48,78.80000472068787,80.80000281333923,1.9999980926513672,1,0,0,9.100000560283661,0.11156276613473892,0.5,0.2,5,cosine,10,0.0,0.16212490003090352,3.916994099970907,1
PubMed,GCN,49,78.90000343322754,81.2000036239624,2.3000001907348633,1,0,0,8.700000494718552,0.11036467552185059,0.5,0.2,5,cosine,10,0.0,0.16116430005058646,3.916994099970907,1
PubMed,GCN,50,79.20000553131104,80.9000015258789,1.699995994567871,1,0,0,8.400000631809235,0.11234970390796661,0.5,0.2,5,cosine,10,0.0,0.16142280003987253,3.916994099970907,1
PubMed,GCN,51,79.20000553131104,80.60000538825989,1.3999998569488525,1,0,0,8.20000022649765,0.10529535263776779,0.5,0.2,5,cosine,10,0.0,0.1612508000107482,3.916994099970907,1
PubMed,GraphSAGE,42,76.500004529953,80.20000457763672,3.700000047683716,1,0,0,10.500000417232513,0.11265432089567184,0.5,0.2,5,cosine,10,0.0,0.16108279989566654,3.916994099970907,1
PubMed,GraphSAGE,43,75.50000548362732,78.4000039100647,2.899998426437378,1,0,0,11.20000034570694,0.12835270166397095,0.5,0.2,5,cosine,10,0.0,0.16150159994140267,3.916994099970907,1
PubMed,GraphSAGE,44,76.10000371932983,78.4000039100647,2.3000001907348633,1,0,0,9.50000062584877,0.11713289469480515,0.5,0.2,5,cosine,10,0.0,0.16163230000529438,3.916994099970907,1
PubMed,GraphSAGE,45,75.60000419616699,78.00000309944153,2.399998903274536,1,0,0,10.100000351667404,0.12450383603572845,0.5,0.2,5,cosine,10,0.0,0.16312029992695898,3.916994099970907,1
PubMed,GraphSAGE,46,76.00000500679016,78.00000309944153,1.9999980926513672,1,0,0,10.600000619888306,0.12840159237384796,0.5,0.2,5,cosine,10,0.0,0.1614753999747336,3.916994099970907,1
PubMed,GraphSAGE,47,76.60000324249268,78.20000648498535,1.6000032424926758,1,0,0,9.50000062584877,0.120292529463768,0.5,0.2,5,cosine,10,0.0,0.16202839999459684,3.916994099970907,1
PubMed,GraphSAGE,48,76.70000195503235,77.20000147819519,0.4999995231628418,1,0,0,10.400000214576721,0.12324473261833191,0.5,0.2,5,cosine,10,0.0,0.1619354001013562,3.916994099970907,1
PubMed,GraphSAGE,49,76.60000324249268,80.10000586509705,3.50000262260437,1,0,0,9.50000062584877,0.10747527331113815,0.5,0.2,5,cosine,10,0.0,0.1613247999921441,3.916994099970907,1
PubMed,GraphSAGE,50,75.3000020980835,78.00000309944153,2.7000010013580322,1,0,0,11.300000548362732,0.13376688957214355,0.5,0.2,5,cosine,10,0.0,0.16120619990397245,3.916994099970907,1
PubMed,GraphSAGE,51,76.70000195503235,77.30000615119934,0.6000041961669922,1,0,0,10.400000214576721,0.12269923835992813,0.5,0.2,5,cosine,10,0.0,0.1615146000403911,3.916994099970907,1
PubMed,GAT,42,76.60000324249268,77.10000276565552,0.4999995231628418,1,0,0,10.400000214576721,0.1287899911403656,0.5,0.2,5,cosine,10,0.0,0.16133909998461604,3.916994099970907,1
PubMed,GAT,43,77.90000438690186,79.80000376701355,1.8999993801116943,1,0,0,8.700000494718552,0.11333782225847244,0.5,0.2,5,cosine,10,0.0,0.16244019998703152,3.916994099970907,1
PubMed,GAT,44,77.30000615119934,79.10000085830688,1.799994707107544,1,0,0,9.90000069141388,0.11915882676839828,0.5,0.2,5,cosine,10,0.0,0.16135269997175783,3.916994099970907,1
PubMed,GAT,45,77.40000486373901,78.1000018119812,0.6999969482421875,1,0,0,10.500000417232513,0.12802432477474213,0.5,0.2,5,cosine,10,0.0,0.1614687000401318,3.916994099970907,1
PubMed,GAT,46,77.80000567436218,79.40000295639038,1.5999972820281982,1,0,0,10.80000028014183,0.1245056688785553,0.5,0.2,5,cosine,10,0.0,0.16213409998454154,3.916994099970907,1
PubMed,GAT,47,77.90000438690186,78.20000648498535,0.3000020980834961,1,0,0,9.800000488758087,0.12995563447475433,0.5,0.2,5,cosine,10,0.0,0.16180420003365725,3.916994099970907,1
PubMed,GAT,48,77.90000438690186,79.10000085830688,1.1999964714050293,1,0,0,9.600000083446503,0.127061128616333,0.5,0.2,5,cosine,10,0.0,0.16194629995152354,3.916994099970907,1
PubMed,GAT,49,78.50000262260437,79.6000063419342,1.100003719329834,1,0,0,8.900000154972076,0.12119463831186295,0.5,0.2,5,cosine,10,0.0,0.1625044000102207,3.916994099970907,1
PubMed,GAT,50,77.10000276565552,79.00000214576721,1.8999993801116943,1,0,0,10.200000554323196,0.12316685914993286,0.5,0.2,5,cosine,10,0.0,0.16168689995538443,3.916994099970907,1
PubMed,GAT,51,77.90000438690186,79.30000424385071,1.3999998569488525,1,0,0,9.90000069141388,0.12832804024219513,0.5,0.2,5,cosine,10,0.0,0.16111049999017268,3.916994099970907,1
PubMed,GraphTransformer,42,71.70000076293945,72.70000576972961,1.0000050067901611,1,0,0,9.000000357627869,0.15805684030056,0.5,0.2,5,cosine,10,0.0,0.16239489999134094,3.916994099970907,1
PubMed,GraphTransformer,43,73.4000027179718,75.00000596046448,1.6000032424926758,1,0,0,12.900000810623169,0.17494527995586395,0.5,0.2,5,cosine,10,0.0,0.16091489989776164,3.916994099970907,1
PubMed,GraphTransformer,44,73.90000224113464,77.60000228881836,3.700000047683716,1,0,0,10.200000554323196,0.11491584032773972,0.5,0.2,5,cosine,10,0.0,0.16134870005771518,3.916994099970907,1
PubMed,GraphTransformer,45,73.90000224113464,77.50000357627869,3.600001335144043,1,0,0,10.300000756978989,0.13953810930252075,0.5,0.2,5,cosine,10,0.0,0.16075460007414222,3.916994099970907,1
PubMed,GraphTransformer,46,75.20000338554382,77.50000357627869,2.3000001907348633,1,0,0,9.000000357627869,0.11182670295238495,0.5,0.2,5,cosine,10,0.0,0.16099290002603084,3.916994099970907,1
PubMed,GraphTransformer,47,75.80000162124634,77.90000438690186,2.1000027656555176,1,0,0,7.600000500679016,0.08198900520801544,0.5,0.2,5,cosine,10,0.0,0.16205909999553114,3.916994099970907,1
PubMed,GraphTransformer,48,74.30000305175781,77.90000438690186,3.600001335144043,1,0,0,8.500000089406967,0.09340047091245651,0.5,0.2,5,cosine,10,0.0,0.16152700001839548,3.916994099970907,1
PubMed,GraphTransformer,49,73.00000190734863,77.70000100135803,4.699999094009399,1,0,0,12.000000476837158,0.1515258550643921,0.5,0.2,5,cosine,10,0.0,0.16208379995077848,3.916994099970907,1
PubMed,GraphTransformer,50,75.10000467300415,76.40000581741333,1.3000011444091797,1,0,0,7.800000160932541,0.08038674294948578,0.5,0.2,5,cosine,10,0.0,0.16231489996425807,3.916994099970907,1
PubMed,GraphTransformer,51,72.60000109672546,74.30000305175781,1.7000019550323486,1,0,0,8.100000023841858,0.08808519691228867,0.5,0.2,5,cosine,10,0.0,0.16188270004931837,3.916994099970907,1
PubMed,GradGateGNN,42,72.50000238418579,75.80000162124634,3.299999237060547,1,0,0,12.300000339746475,0.14899291098117828,0.5,0.2,5,cosine,10,0.0,0.1609424001071602,3.916994099970907,1
PubMed,GradGateGNN,43,75.00000596046448,78.4000039100647,3.3999979496002197,1,0,0,10.200000554323196,0.13698886334896088,0.5,0.2,5,cosine,10,0.0,0.16104909998830408,3.916994099970907,1
PubMed,GradGateGNN,44,75.80000162124634,78.1000018119812,2.3000001907348633,1,0,0,6.500000506639481,0.07344376295804977,0.5,0.2,5,cosine,10,0.0,0.1623363000107929,3.916994099970907,1
PubMed,GradGateGNN,45,75.00000596046448,77.90000438690186,2.899998426437378,1,0,0,10.700000822544098,0.13225790858268738,0.5,0.2,5,cosine,10,0.0,0.16088089998811483,3.916994099970907,1
PubMed,GradGateGNN,46,76.80000066757202,78.80000472068787,2.0000040531158447,1,0,0,9.800000488758087,0.1520877480506897,0.5,0.2,5,cosine,10,0.0,0.16109840001445264,3.916994099970907,1
PubMed,GradGateGNN,47,76.60000324249268,80.10000586509705,3.50000262260437,1,0,0,6.800000369548798,0.0865572988986969,0.5,0.2,5,cosine,10,0.0,0.16091410000808537,3.916994099970907,1
PubMed,GradGateGNN,48,76.2000024318695,79.10000085830688,2.899998426437378,1,0,0,8.000000566244125,0.1015392616391182,0.5,0.2,5,cosine,10,0.0,0.16157730005215853,3.916994099970907,1
PubMed,GradGateGNN,49,77.80000567436218,78.4000039100647,0.5999982357025146,1,0,0,6.500000506639481,0.08004249632358551,0.5,0.2,5,cosine,10,0.0,0.16190989990718663,3.916994099970907,1
PubMed,GradGateGNN,50,76.2000024318695,78.30000519752502,2.1000027656555176,1,0,0,8.60000029206276,0.13155964016914368,0.5,0.2,5,cosine,10,0.0,0.1619823999935761,3.916994099970907,1
PubMed,GradGateGNN,51,76.40000581741333,77.80000567436218,1.3999998569488525,1,0,0,6.700000166893005,0.07605832070112228,0.5,0.2,5,cosine,10,0.0,0.16143039998132735,3.916994099970907,1
Computers,GCN,42,89.37466144561768,89.62915539741516,0.25449395179748535,1,0,0,1.9360115751624107,0.05414207652211189,0.4,1.0,25,cosine,1,0.0,0.08610099996440113,2.0041293000103906,1
Computers,GCN,43,89.70187306404114,89.63824510574341,-0.06362795829772949,0,0,1,1.8632976338267326,0.05129183828830719,0.4,1.0,25,cosine,1,0.0,0.08496120001655072,2.0041293000103906,1
Computers,GCN,44,89.20196294784546,89.34739232063293,0.14542937278747559,1,0,0,1.9178330898284912,0.04888780787587166,0.4,1.0,25,cosine,1,0.0,0.08511500002350658,2.0041293000103906,1
Computers,GCN,45,89.29285407066345,89.63824510574341,0.34539103507995605,1,0,0,1.8542082980275154,0.0503033772110939,0.4,1.0,25,cosine,1,0.0,0.0849810999352485,2.0041293000103906,1
Computers,GCN,46,89.55644369125366,89.90183472633362,0.34539103507995605,1,0,0,1.8996546044945717,0.047231584787368774,0.4,1.0,25,cosine,1,0.0,0.0853057000786066,2.0041293000103906,1
Computers,GCN,47,89.53826427459717,89.76549506187439,0.22723078727722168,1,0,0,1.8905652686953545,0.04820249602198601,0.4,1.0,25,cosine,1,0.0,0.08468449988868088,2.0041293000103906,1
Computers,GCN,48,89.63824510574341,89.85639214515686,0.21814703941345215,1,0,0,1.7451371997594833,0.04743920639157295,0.4,1.0,25,cosine,1,0.0,0.0672885999083519,2.0041293000103906,1
Computers,GCN,49,89.44737315177917,89.59280252456665,0.14542937278747559,1,0,0,1.8360298126935959,0.051042087376117706,0.4,1.0,25,cosine,1,0.0,0.06721929996274412,2.0041293000103906,1
Computers,GCN,50,89.3201231956482,89.6746039390564,0.3544807434082031,1,0,0,1.9269224256277084,0.046120535582304,0.4,1.0,25,cosine,1,0.0,0.06670959992334247,2.0041293000103906,1
Computers,GCN,51,89.12925124168396,89.16560411453247,0.03635287284851074,1,0,0,1.872386783361435,0.046265896409749985,0.4,1.0,25,cosine,1,0.0,0.06691579998005182,2.0041293000103906,1
Computers,GraphSAGE,42,88.72023224830627,89.35648202896118,0.6362497806549072,1,0,0,1.8178513273596764,0.045921869575977325,0.4,1.0,25,cosine,1,0.0,0.06734870001673698,2.0041293000103906,1
Computers,GraphSAGE,43,88.9474630355835,88.93837332725525,-0.00908970832824707,0,0,1,1.8996546044945717,0.04426438361406326,0.4,1.0,25,cosine,1,0.0,0.0620527999708429,2.0041293000103906,1
Computers,GraphSAGE,44,88.97473216056824,88.96564245223999,-0.00908970832824707,0,0,1,2.0996183156967163,0.04370400682091713,0.4,1.0,25,cosine,1,0.0,0.06193059997167438,2.0041293000103906,1
Computers,GraphSAGE,45,89.31103348731995,89.62007164955139,0.3090381622314453,1,0,0,1.5451735816895962,0.04290018230676651,0.4,1.0,25,cosine,1,0.0,0.06240619998425245,2.0041293000103906,1
Computers,GraphSAGE,46,88.54753971099854,88.92019391059875,0.3726541996002197,1,0,0,2.199600078165531,0.04979123920202255,0.4,1.0,25,cosine,1,0.0,0.06188519997522235,2.0041293000103906,1
Computers,GraphSAGE,47,88.61116170883179,88.84748220443726,0.23632049560546875,1,0,0,2.1723322570323944,0.047623567283153534,0.4,1.0,25,cosine,1,0.0,0.06204640003852546,2.0041293000103906,1
Computers,GraphSAGE,48,88.86566162109375,88.75659108161926,-0.1090705394744873,0,0,1,2.3086711764335632,0.04419847950339317,0.4,1.0,25,cosine,1,0.0,0.062074000015854836,2.0041293000103906,1
Computers,GraphSAGE,49,88.86566162109375,88.70205283164978,-0.16360878944396973,0,0,1,1.9269224256277084,0.043583743274211884,0.4,1.0,25,cosine,1,0.0,0.06200280005577952,2.0041293000103906,1
Computers,GraphSAGE,50,88.96564245223999,89.15651440620422,0.1908719539642334,1,0,0,2.117796801030636,0.04335646703839302,0.4,1.0,25,cosine,1,0.0,0.062245900044217706,2.0041293000103906,1
Computers,GraphSAGE,51,88.10216188430786,87.97491192817688,-0.12724995613098145,0,0,1,2.163243107497692,0.04705541953444481,0.4,1.0,25,cosine,1,0.0,0.0621066999156028,2.0041293000103906,1
Computers,GAT,42,89.02018070220947,89.05653357505798,0.03635287284851074,1,0,0,1.9269224256277084,0.04797391593456268,0.4,1.0,25,cosine,1,0.0,0.06187780003529042,2.0041293000103906,1
Computers,GAT,43,88.71114253997803,88.71114253997803,0.0,0,1,0,1.4179239980876446,0.04229215532541275,0.4,1.0,25,cosine,1,0.0,0.06230550003238022,2.0041293000103906,1
Computers,GAT,44,89.14742469787598,89.3019437789917,0.15451908111572266,1,0,0,1.4179239980876446,0.04447318613529205,0.4,1.0,25,cosine,1,0.0,0.061984899919480085,2.0041293000103906,1
Computers,GAT,45,88.89293074607849,88.79294395446777,-0.09998679161071777,0,0,1,1.5360843390226364,0.041901882737874985,0.4,1.0,25,cosine,1,0.0,0.06225600000470877,2.0041293000103906,1
Computers,GAT,46,89.3019437789917,89.3019437789917,0.0,0,1,0,1.5997091308236122,0.042247671633958817,0.4,1.0,25,cosine,1,0.0,0.0630407000426203,2.0041293000103906,1
Computers,GAT,47,89.14742469787598,89.40192461013794,0.2544999122619629,1,0,0,1.7269587144255638,0.04528230428695679,0.4,1.0,25,cosine,1,0.0,0.062054799986071885,2.0041293000103906,1
Computers,GAT,48,89.2837643623352,89.43828344345093,0.15451908111572266,1,0,0,1.436102483421564,0.04197779297828674,0.4,1.0,25,cosine,1,0.0,0.06184720003511757,2.0041293000103906,1
Computers,GAT,49,88.929283618927,88.95655274391174,0.02726912498474121,1,0,0,1.3815670274198055,0.04204653576016426,0.4,1.0,25,cosine,1,0.0,0.06190339999739081,2.0041293000103906,1
Computers,GAT,50,88.86566162109375,88.83839249610901,-0.02726912498474121,0,0,1,1.4451918192207813,0.04164513200521469,0.4,1.0,25,cosine,1,0.0,0.062305400031618774,2.0041293000103906,1
Computers,GAT,51,89.18378353118896,89.45646286010742,0.27267932891845703,1,0,0,1.845119148492813,0.04396749660372734,0.4,1.0,25,cosine,1,0.0,0.06179050006903708,2.0041293000103906,1
Computers,GraphTransformer,42,87.80221939086914,89.16560411453247,1.36338472366333,1,0,0,2.163243107497692,0.05444001778960228,0.4,1.0,25,cosine,1,0.0,0.06249560008291155,2.0041293000103906,1
Computers,GraphTransformer,43,88.71114253997803,89.25650119781494,0.5453586578369141,1,0,0,1.4451918192207813,0.044386159628629684,0.4,1.0,25,cosine,1,0.0,0.062055200105533004,2.0041293000103906,1
Computers,GraphTransformer,44,89.25650119781494,89.6746039390564,0.4181027412414551,1,0,0,1.3542992062866688,0.03308636322617531,0.4,1.0,25,cosine,1,0.0,0.06215299991890788,2.0041293000103906,1
Computers,GraphTransformer,45,88.65661025047302,89.32921290397644,0.672602653503418,1,0,0,1.5724413096904755,0.03892390802502632,0.4,1.0,25,cosine,1,0.0,0.06219049997162074,2.0041293000103906,1
Computers,GraphTransformer,46,88.5748028755188,88.99291157722473,0.4181087017059326,1,0,0,1.4906380325555801,0.042169518768787384,0.4,1.0,25,cosine,1,0.0,0.062137900036759675,2.0041293000103906,1
Computers,GraphTransformer,47,89.16560411453247,89.73823189735413,0.5726277828216553,1,0,0,1.6724232584238052,0.04178544878959656,0.4,1.0,25,cosine,1,0.0,0.06211469997651875,2.0041293000103906,1
Computers,GraphTransformer,48,88.76568078994751,89.35648202896118,0.5908012390136719,1,0,0,1.872386783361435,0.042636167258024216,0.4,1.0,25,cosine,1,0.0,0.06201600003987551,2.0041293000103906,1
Computers,GraphTransformer,49,89.2292320728302,89.82003331184387,0.5908012390136719,1,0,0,1.5997091308236122,0.04525334760546684,0.4,1.0,25,cosine,1,0.0,0.062112800078466535,2.0041293000103906,1
Computers,GraphTransformer,50,88.60207200050354,89.3019437789917,0.6998717784881592,1,0,0,1.2543173506855965,0.03950958326458931,0.4,1.0,25,cosine,1,0.0,0.0627610000083223,2.0041293000103906,1
Computers,GraphTransformer,51,89.02018070220947,89.6018922328949,0.5817115306854248,1,0,0,1.436102483421564,0.03727531060576439,0.4,1.0,25,cosine,1,0.0,0.06215500005055219,2.0041293000103906,1
Computers,GradGateGNN,42,88.17487955093384,88.46573233604431,0.29085278511047363,1,0,0,1.4088347554206848,0.04395560175180435,0.4,1.0,25,cosine,1,0.0,0.06217000004835427,2.0041293000103906,1
Computers,GradGateGNN,43,87.99309134483337,88.54753971099854,0.5544483661651611,1,0,0,1.6542447730898857,0.04794406518340111,0.4,1.0,25,cosine,1,0.0,0.061966100009158254,2.0041293000103906,1
Computers,GradGateGNN,44,88.4839117527008,88.98382186889648,0.4999101161956787,1,0,0,1.7633156850934029,0.04594417288899422,0.4,1.0,25,cosine,1,0.0,0.062034000060521066,2.0041293000103906,1
Computers,GradGateGNN,45,87.22050786018372,87.85675168037415,0.6362438201904297,1,0,0,1.7178695648908615,0.044450387358665466,0.4,1.0,25,cosine,1,0.0,0.0619279999518767,2.0041293000103906,1
Computers,GradGateGNN,46,88.35666179656982,88.77477049827576,0.4181087017059326,1,0,0,1.4451918192207813,0.04113031178712845,0.4,1.0,25,cosine,1,0.0,0.06312469998374581,2.0041293000103906,1
Computers,GradGateGNN,47,88.73841166496277,89.20196294784546,0.46355128288269043,1,0,0,1.8178513273596764,0.050940219312906265,0.4,1.0,25,cosine,1,0.0,0.06214920000638813,2.0041293000103906,1
Computers,GradGateGNN,48,88.80203366279602,89.31103348731995,0.5089998245239258,1,0,0,1.3815670274198055,0.041927214711904526,0.4,1.0,25,cosine,1,0.0,0.06208489998243749,2.0041293000103906,1
Computers,GradGateGNN,49,87.7022385597229,87.71132230758667,0.009083747863769531,1,0,0,1.9269224256277084,0.05151328444480896,0.4,1.0,25,cosine,1,0.0,0.06365959998220205,2.0041293000103906,1
Computers,GradGateGNN,50,87.55680918693542,88.33848237991333,0.7816731929779053,1,0,0,1.908743940293789,0.04872521758079529,0.4,1.0,25,cosine,1,0.0,0.061887399991974235,2.0041293000103906,1
Computers,GradGateGNN,51,87.63861060142517,88.29303979873657,0.6544291973114014,1,0,0,1.6542447730898857,0.03989243879914284,0.4,1.0,25,cosine,1,0.0,0.06215579994022846,2.0041293000103906,1
Photo,GCN,42,93.12092065811157,93.49673390388489,0.37581324577331543,1,0,0,2.5653595104813576,0.06305345892906189,0.6,1.0,30,cosine,1,0.0,0.02012119989376515,0.7495900999056175,1
Photo,GCN,43,93.30065846443176,93.59477162361145,0.2941131591796875,1,0,0,2.4836601689457893,0.06053438037633896,0.6,1.0,30,cosine,1,0.0,0.019814100000075996,0.7495900999056175,1
Photo,GCN,44,93.16993951797485,93.59477162361145,0.4248321056365967,1,0,0,2.679738588631153,0.06162945181131363,0.6,1.0,30,cosine,1,0.0,0.019680699915625155,0.7495900999056175,1
Photo,GCN,45,93.0065393447876,93.5130774974823,0.5065381526947021,1,0,0,2.549019642174244,0.06057734414935112,0.6,1.0,30,cosine,1,0.0,0.019938700017519295,0.7495900999056175,1
Photo,GCN,46,93.18627715110779,93.61111521720886,0.4248380661010742,1,0,0,2.598039247095585,0.06380308419466019,0.6,1.0,30,cosine,1,0.0,0.019672000082209706,0.7495900999056175,1
Photo,GCN,47,93.33333373069763,93.72549057006836,0.39215683937072754,1,0,0,2.6143791154026985,0.06260654330253601,0.6,1.0,30,cosine,1,0.0,0.0198637000285089,0.7495900999056175,1
Photo,GCN,48,93.15359592437744,93.77451539039612,0.6209194660186768,1,0,0,2.450980432331562,0.05716244876384735,0.6,1.0,30,cosine,1,0.0,0.020027999999001622,0.7495900999056175,1
Photo,GCN,49,93.18627715110779,93.69281530380249,0.5065381526947021,1,0,0,2.4836601689457893,0.057987798005342484,0.6,1.0,30,cosine,1,0.0,0.019917899975553155,0.7495900999056175,1
Photo,GCN,50,93.16993951797485,93.61111521720886,0.4411756992340088,1,0,0,2.450980432331562,0.0623403936624527,0.6,1.0,30,cosine,1,0.0,0.019686699961312115,0.7495900999056175,1
Photo,GCN,51,93.08823943138123,93.69281530380249,0.6045758724212646,1,0,0,2.6960784569382668,0.06402181088924408,0.6,1.0,30,cosine,1,0.0,0.026609799941070378,0.7495900999056175,1
Photo,GraphSAGE,42,94.05229091644287,94.26470994949341,0.2124190330505371,1,0,0,2.17320267111063,0.044477496296167374,0.6,1.0,30,cosine,1,0.0,0.026880200020968914,0.7495900999056175,1
Photo,GraphSAGE,43,93.88889074325562,94.10130977630615,0.2124190330505371,1,0,0,2.401960827410221,0.052899688482284546,0.6,1.0,30,cosine,1,0.0,0.02775360003579408,0.7495900999056175,1
Photo,GraphSAGE,44,94.34641003608704,94.41176652908325,0.06535649299621582,1,0,0,2.1895425394177437,0.0418592132627964,0.6,1.0,30,cosine,1,0.0,0.026721899979747832,0.7495900999056175,1
Photo,GraphSAGE,45,93.95425319671631,94.41176652908325,0.45751333236694336,1,0,0,2.1078431978821754,0.04527995362877846,0.6,1.0,30,cosine,1,0.0,0.026851800037547946,0.7495900999056175,1
Photo,GraphSAGE,46,94.08497214317322,94.52614784240723,0.4411756992340088,1,0,0,1.944444514811039,0.04585305228829384,0.6,1.0,30,cosine,1,0.0,0.026876899995841086,0.7495900999056175,1
Photo,GraphSAGE,47,94.00327205657959,94.3790853023529,0.37581324577331543,1,0,0,2.17320267111063,0.047661468386650085,0.6,1.0,30,cosine,1,0.0,0.026487599941901863,0.7495900999056175,1
Photo,GraphSAGE,48,93.97059082984924,94.3790853023529,0.4084944725036621,1,0,0,2.1078431978821754,0.04698765650391579,0.6,1.0,30,cosine,1,0.0,0.026582800084725022,0.7495900999056175,1
Photo,GraphSAGE,49,93.59477162361145,94.05229091644287,0.4575192928314209,1,0,0,2.2875817492604256,0.04950719326734543,0.6,1.0,30,cosine,1,0.0,0.026812099968083203,0.7495900999056175,1
Photo,GraphSAGE,50,94.18300986289978,94.4444477558136,0.26143789291381836,1,0,0,2.1895425394177437,0.046507176011800766,0.6,1.0,30,cosine,1,0.0,0.02772850007750094,0.7495900999056175,1
Photo,GraphSAGE,51,94.28104758262634,94.59150433540344,0.3104567527770996,1,0,0,1.944444514811039,0.04405682906508446,0.6,1.0,30,cosine,1,0.0,0.02647899999283254,0.7495900999056175,1
Photo,GAT,42,92.97385811805725,93.70915293693542,0.7352948188781738,1,0,0,2.4183006957173347,0.05520521476864815,0.6,1.0,30,cosine,1,0.0,0.02680969994980842,0.7495900999056175,1
Photo,GAT,43,93.12092065811157,93.69281530380249,0.571894645690918,1,0,0,2.1405229344964027,0.05358674004673958,0.6,1.0,30,cosine,1,0.0,0.02671449992340058,0.7495900999056175,1
Photo,GAT,44,92.9411768913269,93.38235855102539,0.44118165969848633,1,0,0,2.3856209591031075,0.052948322147130966,0.6,1.0,30,cosine,1,0.0,0.026942700031213462,0.7495900999056175,1
Photo,GAT,45,92.99020171165466,93.21895837783813,0.22875666618347168,1,0,0,2.4836601689457893,0.04980834946036339,0.6,1.0,30,cosine,1,0.0,0.026651500025764108,0.7495900999056175,1
Photo,GAT,46,93.20261478424072,93.72549057006836,0.5228757858276367,1,0,0,2.222222276031971,0.05187859758734703,0.6,1.0,30,cosine,1,0.0,0.02671169990208,0.7495900999056175,1
Photo,GAT,47,93.25163960456848,93.72549057006836,0.47385096549987793,1,0,0,2.042483724653721,0.05281803011894226,0.6,1.0,30,cosine,1,0.0,0.026705199969001114,0.7495900999056175,1
Photo,GAT,48,93.18627715110779,93.6274528503418,0.4411756992340088,1,0,0,2.17320267111063,0.047866303473711014,0.6,1.0,30,cosine,1,0.0,0.026572000002488494,0.7495900999056175,1
Photo,GAT,49,93.03922057151794,93.36601495742798,0.3267943859100342,1,0,0,2.2385621443390846,0.051563967019319534,0.6,1.0,30,cosine,1,0.0,0.026639900053851306,0.7495900999056175,1
Photo,GAT,50,93.33333373069763,93.74183416366577,0.40850043296813965,1,0,0,1.99346411973238,0.04999971389770508,0.6,1.0,30,cosine,1,0.0,0.026963600073941052,0.7495900999056175,1
Photo,GAT,51,93.26797723770142,94.05229091644287,0.7843136787414551,1,0,0,2.1078431978821754,0.04884903132915497,0.6,1.0,30,cosine,1,0.0,0.026710900012403727,0.7495900999056175,1
Photo,GraphTransformer,42,93.97059082984924,94.42811012268066,0.4575192928314209,1,0,0,1.9281046465039253,0.04474887251853943,0.6,1.0,30,cosine,1,0.0,0.02678449999075383,0.7495900999056175,1
Photo,GraphTransformer,43,94.21569108963013,94.60784792900085,0.39215683937072754,1,0,0,1.8790850415825844,0.03746660426259041,0.6,1.0,30,cosine,1,0.0,0.026851800037547946,0.7495900999056175,1
Photo,GraphTransformer,44,94.03595328330994,94.4444477558136,0.4084944725036621,1,0,0,1.552287582308054,0.04367701709270477,0.6,1.0,30,cosine,1,0.0,0.02665709995198995,0.7495900999056175,1
Photo,GraphTransformer,45,94.03595328330994,94.34641003608704,0.3104567527770996,1,0,0,1.6993464902043343,0.04335156828165054,0.6,1.0,30,cosine,1,0.0,0.026835600030608475,0.7495900999056175,1
Photo,GraphTransformer,46,94.21569108963013,94.54248547554016,0.3267943859100342,1,0,0,1.666666753590107,0.03881506994366646,0.6,1.0,30,cosine,1,0.0,0.0266449999762699,0.7495900999056175,1
Photo,GraphTransformer,47,94.23202872276306,94.55882906913757,0.3268003463745117,1,0,0,1.6830066218972206,0.04128752276301384,0.6,1.0,30,cosine,1,0.0,0.026853199931792915,0.7495900999056175,1
Photo,GraphTransformer,48,94.01960968971252,94.39542889595032,0.37581920623779297,1,0,0,1.5359477140009403,0.03650326654314995,0.6,1.0,30,cosine,1,0.0,0.026867000036872923,0.7495900999056175,1
Photo,GraphTransformer,49,94.01960968971252,94.42811012268066,0.40850043296813965,1,0,0,1.617647148668766,0.040411219000816345,0.6,1.0,30,cosine,1,0.0,0.026783599983900785,0.7495900999056175,1
Photo,GraphTransformer,50,94.4444477558136,94.57516670227051,0.13071894645690918,1,0,0,2.1078431978821754,0.05237836390733719,0.6,1.0,30,cosine,1,0.0,0.02669550001155585,0.7495900999056175,1
Photo,GraphTransformer,51,94.18300986289978,94.47712898254395,0.29411911964416504,1,0,0,1.5849674120545387,0.03315793722867966,0.6,1.0,30,cosine,1,0.0,0.026623500045388937,0.7495900999056175,1
Photo,GradGateGNN,42,93.23529601097107,93.7581717967987,0.5228757858276367,1,0,0,1.7810458317399025,0.04511183500289917,0.6,1.0,30,cosine,1,0.0,0.026941000018268824,0.7495900999056175,1
Photo,GradGateGNN,43,93.15359592437744,93.59477162361145,0.4411756992340088,1,0,0,1.8300654366612434,0.05110017955303192,0.6,1.0,30,cosine,1,0.0,0.02664069994352758,0.7495900999056175,1
Photo,GradGateGNN,44,93.49673390388489,93.90523433685303,0.40850043296813965,1,0,0,1.99346411973238,0.05415031313896179,0.6,1.0,30,cosine,1,0.0,0.02653870009817183,0.7495900999056175,1
Photo,GradGateGNN,45,93.56209635734558,93.95425319671631,0.39215683937072754,1,0,0,1.944444514811039,0.041165031492710114,0.6,1.0,30,cosine,1,0.0,0.02656060003209859,0.7495900999056175,1
Photo,GradGateGNN,46,93.39869618415833,93.98692846298218,0.5882322788238525,1,0,0,1.9281046465039253,0.0460897833108902,0.6,1.0,30,cosine,1,0.0,0.026595099945552647,0.7495900999056175,1
Photo,GradGateGNN,47,93.4477150440216,93.8235342502594,0.37581920623779297,1,0,0,1.552287582308054,0.03619661554694176,0.6,1.0,30,cosine,1,0.0,0.026656500063836575,0.7495900999056175,1
Photo,GradGateGNN,48,93.61111521720886,94.23202872276306,0.6209135055541992,1,0,0,1.5359477140009403,0.04379720240831375,0.6,1.0,30,cosine,1,0.0,0.026522999978624284,0.7495900999056175,1
Photo,GradGateGNN,49,93.34967732429504,93.87255311012268,0.5228757858276367,1,0,0,2.0588235929608345,0.04695811867713928,0.6,1.0,30,cosine,1,0.0,0.026885899947956204,0.7495900999056175,1
Photo,GradGateGNN,50,93.70915293693542,94.15032863616943,0.4411756992340088,1,0,0,2.1078431978821754,0.043005622923374176,0.6,1.0,30,cosine,1,0.0,0.026936300098896027,0.7495900999056175,1
Photo,GradGateGNN,51,93.79085302352905,93.98692846298218,0.196075439453125,1,0,0,1.7647059634327888,0.05622847378253937,0.6,1.0,30,cosine,1,0.0,0.026951499981805682,0.7495900999056175,1
CS,GCN,42,92.89513230323792,94.34747099876404,1.452338695526123,1,0,0,3.661530092358589,0.0602855384349823,0.1,1.0,20,cosine,10,0.0,0.3032199000008404,11.916356600006111,1
CS,GCN,43,92.94968247413635,94.25201416015625,1.3023316860198975,1,0,0,3.63425612449646,0.06211809441447258,0.1,1.0,20,cosine,10,0.0,0.12281610001809895,11.916356600006111,1
CS,GCN,44,92.94286370277405,94.33383345603943,1.3909697532653809,1,0,0,3.6206193268299103,0.059403423219919205,0.1,1.0,20,cosine,10,0.0,0.12351150007452816,11.916356600006111,1
CS,GCN,45,92.92922616004944,94.24519538879395,1.3159692287445068,1,0,0,3.668348491191864,0.060682639479637146,0.1,1.0,20,cosine,10,0.0,0.12380559998564422,11.916356600006111,1
CS,GCN,46,92.97695755958557,94.3202018737793,1.3432443141937256,1,0,0,3.627437725663185,0.059676144272089005,0.1,1.0,20,cosine,10,0.0,0.12300700007472187,11.916356600006111,1
CS,GCN,47,92.82013177871704,94.12246346473694,1.3023316860198975,1,0,0,3.627437725663185,0.058531176298856735,0.1,1.0,20,cosine,10,0.0,0.12309700006153435,11.916356600006111,1
CS,GCN,48,92.90195107460022,94.23837661743164,1.336425542831421,1,0,0,3.5387974232435226,0.059586990624666214,0.1,1.0,20,cosine,10,0.0,0.12279239995405078,11.916356600006111,1
CS,GCN,49,92.80649423599243,94.21792030334473,1.411426067352295,1,0,0,3.6069821566343307,0.059891343116760254,0.1,1.0,20,cosine,10,0.0,0.12247390008997172,11.916356600006111,1
CS,GCN,50,92.90195107460022,94.3202018737793,1.4182507991790771,1,0,0,3.6819856613874435,0.059487953782081604,0.1,1.0,20,cosine,10,0.0,0.12407939997501671,11.916356600006111,1
CS,GCN,51,92.82013177871704,94.18383240699768,1.3637006282806396,1,0,0,3.5865269601345062,0.05709478259086609,0.1,1.0,20,cosine,10,0.0,0.122846300015226,11.916356600006111,1
CS,GraphSAGE,42,93.3519721031189,94.13610100746155,0.7841289043426514,1,0,0,2.3319242522120476,0.0383523628115654,0.1,1.0,20,cosine,10,0.0,0.12336900003720075,11.916356600006111,1
CS,GraphSAGE,43,93.2428777217865,94.00655031204224,0.7636725902557373,1,0,0,2.488749474287033,0.03760692849755287,0.1,1.0,20,cosine,10,0.0,0.12289239990059286,11.916356600006111,1
CS,GraphSAGE,44,93.14742088317871,94.04064416885376,0.8932232856750488,1,0,0,2.4751126766204834,0.03964513540267944,0.1,1.0,20,cosine,10,0.0,0.12298419990111142,11.916356600006111,1
CS,GraphSAGE,45,93.2428777217865,94.13610100746155,0.8932232856750488,1,0,0,2.495568059384823,0.04021143913269043,0.1,1.0,20,cosine,10,0.0,0.12344070000108331,11.916356600006111,1
CS,GraphSAGE,46,93.28379034996033,94.20428276062012,0.92049241065979,1,0,0,2.461475506424904,0.03845135495066643,0.1,1.0,20,cosine,10,0.0,0.12273229996208102,11.916356600006111,1
CS,GraphSAGE,47,93.30424666404724,94.12246346473694,0.8182168006896973,1,0,0,2.5160234421491623,0.03994135186076164,0.1,1.0,20,cosine,10,0.0,0.12329799996223301,11.916356600006111,1
CS,GraphSAGE,48,93.22242140769958,94.08836960792542,0.8659482002258301,1,0,0,2.5432974100112915,0.04060825705528259,0.1,1.0,20,cosine,10,0.0,0.12262340006418526,11.916356600006111,1
CS,GraphSAGE,49,93.16787719726562,94.02018785476685,0.8523106575012207,1,0,0,2.461475506424904,0.04132470488548279,0.1,1.0,20,cosine,10,0.0,0.12319049995858222,11.916356600006111,1
CS,GraphSAGE,50,93.28379034996033,94.18383240699768,0.9000420570373535,1,0,0,2.5501159951090813,0.03982481360435486,0.1,1.0,20,cosine,10,0.0,0.12250729999504983,11.916356600006111,1
CS,GraphSAGE,51,93.1269645690918,94.10882592201233,0.9818613529205322,1,0,0,2.5092050433158875,0.04171307384967804,0.1,1.0,20,cosine,10,0.0,0.1227647999767214,11.916356600006111,1
CS,GAT,42,92.15191602706909,93.63152980804443,1.4796137809753418,1,0,0,3.661530092358589,0.06355058401823044,0.1,1.0,20,cosine,10,0.0,0.12272929993923753,11.916356600006111,1
CS,GAT,43,91.92690849304199,93.4747040271759,1.5477955341339111,1,0,0,3.941088169813156,0.06356029957532883,0.1,1.0,20,cosine,10,0.0,0.12280080001801252,11.916356600006111,1
CS,GAT,44,92.17919111251831,93.68607997894287,1.5068888664245605,1,0,0,3.7228964269161224,0.06035014986991882,0.1,1.0,20,cosine,10,0.0,0.12271789996884763,11.916356600006111,1
CS,GAT,45,92.02236533164978,93.61107349395752,1.5887081623077393,1,0,0,4.043365642428398,0.07113957405090332,0.1,1.0,20,cosine,10,0.0,0.12343819998204708,11.916356600006111,1
CS,GAT,46,92.08373427391052,93.68607997894287,1.6023457050323486,1,0,0,3.9274513721466064,0.06328608095645905,0.1,1.0,20,cosine,10,0.0,0.1235601999796927,11.916356600006111,1
CS,GAT,47,92.15191602706909,93.80881190299988,1.6568958759307861,1,0,0,3.845629468560219,0.060846712440252304,0.1,1.0,20,cosine,10,0.0,0.12277540005743504,11.916356600006111,1
CS,GAT,48,91.98827743530273,93.77471804618835,1.7864406108856201,1,0,0,3.9138145744800568,0.06552949547767639,0.1,1.0,20,cosine,10,0.0,0.12295710004400462,11.916356600006111,1
CS,GAT,49,91.99509620666504,93.63834857940674,1.6432523727416992,1,0,0,3.8115371018648148,0.06254434585571289,0.1,1.0,20,cosine,10,0.0,0.12311189994215965,11.916356600006111,1
CS,GAT,50,92.24737882614136,93.67926120758057,1.431882381439209,1,0,0,3.7842631340026855,0.061855070292949677,0.1,1.0,20,cosine,10,0.0,0.12313909991644323,11.916356600006111,1
CS,GAT,51,92.08373427391052,93.66562366485596,1.5818893909454346,1,0,0,3.9274513721466064,0.06387544423341751,0.1,1.0,20,cosine,10,0.0,0.12291829998139292,11.916356600006111,1
CS,GraphTransformer,42,92.58829951286316,93.52925419807434,0.9409546852111816,1,0,0,2.386472187936306,0.039141666144132614,0.1,1.0,20,cosine,10,0.0,0.12299890001304448,11.916356600006111,1
CS,GraphTransformer,43,92.60193705558777,93.44061613082886,0.8386790752410889,1,0,0,2.3728352040052414,0.03817543387413025,0.1,1.0,20,cosine,10,0.0,0.12273329996969551,11.916356600006111,1
CS,GraphTransformer,44,92.79285669326782,93.66562366485596,0.8727669715881348,1,0,0,2.522842027246952,0.04346635565161705,0.1,1.0,20,cosine,10,0.0,0.12291719997301698,11.916356600006111,1
CS,GraphTransformer,45,92.79285669326782,93.49516034126282,0.7023036479949951,1,0,0,2.2910133004188538,0.04071683809161186,0.1,1.0,20,cosine,10,0.0,0.12271319993305951,11.916356600006111,1
CS,GraphTransformer,46,92.54739284515381,93.30424666404724,0.7568538188934326,1,0,0,2.2228283807635307,0.036512695252895355,0.1,1.0,20,cosine,10,0.0,0.12300090002827346,11.916356600006111,1
CS,GraphTransformer,47,92.58829951286316,93.52925419807434,0.9409546852111816,1,0,0,2.522842027246952,0.04381675273180008,0.1,1.0,20,cosine,10,0.0,0.12282899999991059,11.916356600006111,1
CS,GraphTransformer,48,92.8814947605133,93.57016682624817,0.6886720657348633,1,0,0,2.5705713778734207,0.042102064937353134,0.1,1.0,20,cosine,10,0.0,0.12321170000359416,11.916356600006111,1
CS,GraphTransformer,49,92.74512529373169,93.52243542671204,0.7773101329803467,1,0,0,2.4001091718673706,0.04020373150706291,0.1,1.0,20,cosine,10,0.0,0.12351269996725023,11.916356600006111,1
CS,GraphTransformer,50,92.67694354057312,93.4678852558136,0.7909417152404785,1,0,0,2.5160234421491623,0.03970595821738243,0.1,1.0,20,cosine,10,0.0,0.12304689991287887,11.916356600006111,1
CS,GraphTransformer,51,92.6496684551239,93.4678852558136,0.8182168006896973,1,0,0,2.1887358278036118,0.036281291395425797,0.1,1.0,20,cosine,10,0.0,0.12328860000707209,11.916356600006111,1
CS,GradGateGNN,42,93.27015280723572,93.68607997894287,0.4159271717071533,1,0,0,1.8273558467626572,0.039223238825798035,0.1,1.0,20,cosine,10,0.0,0.12333390000276268,11.916356600006111,1
CS,GradGateGNN,43,93.1406021118164,93.57016682624817,0.4295647144317627,1,0,0,1.970544084906578,0.038581717759370804,0.1,1.0,20,cosine,10,0.0,0.12311379995662719,11.916356600006111,1
CS,GradGateGNN,44,93.21560263633728,93.55652928352356,0.3409266471862793,1,0,0,2.2637393325567245,0.04137304052710533,0.1,1.0,20,cosine,10,0.0,0.12319979991298169,11.916356600006111,1
CS,GradGateGNN,45,93.3519721031189,93.7269926071167,0.37502050399780273,1,0,0,1.8819037824869156,0.03615415096282959,0.1,1.0,20,cosine,10,0.0,0.12250689999200404,11.916356600006111,1
CS,GradGateGNN,46,92.86786317825317,93.28379034996033,0.4159271717071533,1,0,0,2.0182736217975616,0.03649797663092613,0.1,1.0,20,cosine,10,0.0,0.1225121000315994,11.916356600006111,1
CS,GradGateGNN,47,93.52925419807434,93.80881190299988,0.2795577049255371,1,0,0,1.9637256860733032,0.0363481380045414,0.1,1.0,20,cosine,10,0.0,0.12344420002773404,11.916356600006111,1
CS,GradGateGNN,48,93.31787824630737,93.65198612213135,0.3341078758239746,1,0,0,1.8614482134580612,0.03846383094787598,0.1,1.0,20,cosine,10,0.0,0.1233191000064835,11.916356600006111,1
CS,GradGateGNN,49,93.16787719726562,93.51561665534973,0.34773945808410645,1,0,0,2.1273694932460785,0.035788748413324356,0.1,1.0,20,cosine,10,0.0,0.12253489997237921,11.916356600006111,1
CS,GradGateGNN,50,93.1269645690918,93.57016682624817,0.44320225715637207,1,0,0,1.9978180527687073,0.03714881092309952,0.1,1.0,20,cosine,10,0.0,0.12304350000340492,11.916356600006111,1
CS,GradGateGNN,51,93.18832755088806,93.4610664844513,0.2727389335632324,1,0,0,1.8069002777338028,0.03713472932577133,0.1,1.0,20,cosine,10,0.0,0.12292009999509901,11.916356600006111,1
